,Ti,Mo,Al,Sn,V,Zr,Cr,Nb,Ta,Fe,W,Si,O,Moeq,Bo,Md,fliter
165,0.8447498685553465,0.07991607372572519,0.05683750110431645,0.0,0.0,0.0,0.0,0.014856204220577788,0.0,0.0,0.0,0.0036403523940339837,0.0,11.956,2.7948851641310766,2.392881065658132,True
331,0.7638015684735322,0.02964338876102716,0.0,0.029450745855729096,0.0,0.059110396477688294,0.0,0.11799390043202332,0.0,0.0,0.0,0.0,0.0,6.486000000000001,2.8371179095737964,2.448446807624901,True
332,0.7936138051360081,0.02957281626151546,0.0,0.029268841271138293,0.0,0.05903579571505394,0.0,0.08850874161628408,0.0,0.0,0.0,0.0,0.0,5.315,2.8280578730060144,2.449186054831875,True
335,0.812231812326146,0.0315818948060054,0.0,0.031306415417205746,0.0,0.0313377769528978,0.0,0.09354210049774496,0.0,0.0,0.0,0.0,0.0,6.561,2.820929995697377,2.433897902039124,True
346,0.777860739865829,0.0,0.0,0.05493938560152398,0.0,0.0,0.0,0.16719987453264692,0.0,0.0,0.0,0.0,0.0,3.706,2.813810492730615,2.42409043608202,True
381,0.7832540374065102,0.0,0.0,0.03989830559547321,0.0,0.024160678717757022,0.0,0.1526869782802594,0.0,0.0,0.0,0.0,0.0,3.4704000000000006,2.8241033962521502,2.441409737993472,True
